,totals
0,5961708
1,394761965
2,4428194678
3,4822956643
4,1344941817
5,5720239179
6,7065180996
7,202863608
8,907573553
9,1110437161
10,92915692
11,303510729
12,396426421
13,967397937
14,53
15,2235897
16,5961708
17,394761965
18,4428194678
19,4822956643
20,1344941817
21,5720239179
22,7065180996
23,202863608
24,907573553
25,1110437161
26,92915692
27,303510729
28,396426421
29,967397937
30,53
31,2235897
32,5961708
33,394761965
34,4428194678
35,4822956643
36,1344941817
37,5720239179
38,7065180996
39,202863608
40,907573553
41,1110437161
42,92915692
43,303510729
44,396426421
45,967397937
46,53
47,2235897
48,5961708
49,394761965
50,4428194678
51,4822956643
52,1344941817
53,5720239179
54,7065180996
55,202863608
56,907573553
57,1110437161
58,92915692
59,303510729
60,396426421
61,967397937
62,53
63,2235897
64,5961708
65,394761965
66,4428194678
67,4822956643
68,1344941817
69,5720239179
70,7065180996
71,202863608
72,907573553
73,1110437161
74,92915692
75,303510729
76,396426421
77,967397937
78,53
79,2235897
80,5961708
81,394761965
82,4428194678
83,4822956643
84,1344941817
85,5720239179
86,7065180996
87,202863608
88,907573553
89,1110437161
90,92915692
91,303510729
92,396426421
93,967397937
94,53
95,2235897
96,5961708
97,394761965
98,4428194678
99,4822956643
100,1344941817
101,5720239179
102,7065180996
103,202863608
104,907573553
105,1110437161
106,92915692
107,303510729
108,396426421
109,967397937
110,53
111,2235897
112,5961708
113,394761965
114,4428194678
115,4822956643
116,1344941817
117,5720239179
118,7065180996
119,202863608
120,907573553
121,1110437161
122,92915692
123,303510729
124,396426421
125,967397937
126,53
127,2235897
128,5961708
129,394761965
130,4428194678
131,4822956643
132,1344941817
133,5720239179
134,7065180996
135,202863608
136,907573553
137,1110437161
138,92915692
139,303510729
140,396426421
141,967397937
142,53
143,2235897
144,5961708
145,394761965
146,4428194678
147,4822956643
148,1344941817
149,5720239179
150,7065180996
151,202863608
152,907573553
153,1110437161
154,92915692
155,303510729
156,396426421
157,967397937
158,53
159,2235897
160,5961708
161,394761965
162,4428194678
163,4822956643
164,1344941817
165,5720239179
166,7065180996
167,202863608
168,907573553
169,1110437161
170,92915692
171,303510729
172,396426421
173,967397937
174,53
175,2235897
176,5961708
177,394761965
178,4428194678
179,4822956643
180,1344941817
181,5720239179
182,7065180996
183,202863608
184,907573553
185,1110437161
186,92915692
187,303510729
188,396426421
189,967397937
190,53
191,2235897
192,5961708
193,394761965
194,4428194678
195,4822956643
196,1344941817
197,5720239179
198,7065180996
199,202863608
200,907573553
201,1110437161
202,92915692
203,303510729
204,396426421
205,967397937
206,53
207,2235897
208,5961708
209,394761965
210,4428194678
211,4822956643
212,1344941817
213,5720239179
214,7065180996
215,202863608
216,907573553
217,1110437161
218,92915692
219,303510729
220,396426421
221,967397937
222,53
223,2235897
224,5961708
225,394761965
226,4428194678
227,4822956643
228,1344941817
229,5720239179
230,7065180996
231,202863608
232,907573553
233,1110437161
234,92915692
235,303510729
236,396426421
237,967397937
238,53
239,2235897
240,5961708
241,394761965
242,4428194678
243,4822956643
244,1344941817
245,5720239179
246,7065180996
247,202863608
248,907573553
249,1110437161
250,92915692
251,303510729
252,396426421
253,967397937
254,53
255,2235897
256,5961708
257,394761965
258,4428194678
259,4822956643
260,1344941817
261,5720239179
262,7065180996
263,202863608
264,907573553
265,1110437161
266,92915692
267,303510729
268,396426421
269,967397937
270,53
271,2235897
272,5961708
273,394761965
274,4428194678
275,4822956643
276,1344941817
277,5720239179
278,7065180996
279,202863608
280,907573553
281,1110437161
282,92915692
283,303510729
284,396426421
285,967397937
286,53
287,2235897
288,5961708
289,394761965
290,4428194678
291,4822956643
292,1344941817
293,5720239179
294,7065180996
295,202863608
296,907573553
297,1110437161
298,92915692
299,303510729
300,396426421
301,967397937
302,53
303,2235897
304,5961708
305,394761965
306,4428194678
307,4822956643
308,1344941817
309,5720239179
310,7065180996
311,202863608
312,907573553
313,1110437161
314,92915692
315,303510729
316,396426421
317,967397937
318,53
319,2235897
320,5961708
321,394761965
322,4428194678
323,4822956643
324,1344941817
325,5720239179
326,7065180996
327,202863608
328,907573553
329,1110437161
330,92915692
331,303510729
332,396426421
333,967397937
334,53
335,2235897
336,5961708
337,394761965
338,4428194678
339,4822956643
340,1344941817
341,5720239179
342,7065180996
343,202863608
344,907573553
345,1110437161
346,92915692
347,303510729
348,396426421
349,967397937
350,53
351,2235897
352,5961708
353,394761965
354,4428194678
355,4822956643
356,1344941817
357,5720239179
358,7065180996
359,202863608
360,907573553
361,1110437161
362,92915692
363,303510729
364,396426421
365,967397937
366,53
367,2235897
368,5961708
369,394761965
370,4428194678
371,4822956643
372,1344941817
373,5720239179
374,7065180996
375,202863608
376,907573553
377,1110437161
378,92915692
379,303510729
380,396426421
381,967397937
382,53
383,2235897
384,5961708
385,394761965
386,4428194678
387,4822956643
388,1344941817
389,5720239179
390,7065180996
391,202863608
392,907573553
393,1110437161
394,92915692
395,303510729
396,396426421
397,967397937
398,53
399,2235897
400,5961708
401,394761965
402,4428194678
403,4822956643
404,1344941817
405,5720239179
406,7065180996
407,202863608
408,907573553
409,1110437161
410,92915692
411,303510729
412,396426421
413,967397937
414,53
415,2235897
416,5961708
417,394761965
418,4428194678
419,4822956643
420,1344941817
421,5720239179
422,7065180996
423,202863608
424,907573553
425,1110437161
426,92915692
427,303510729
428,396426421
429,967397937
430,53
431,2235897
432,5961708
433,394761965
434,4428194678
435,4822956643
436,1344941817
437,5720239179
438,7065180996
439,202863608
440,907573553
441,1110437161
442,92915692
443,303510729
444,396426421
445,967397937
446,53
447,2235897
448,5961708
449,394761965
450,4428194678
451,4822956643
452,1344941817
453,5720239179
454,7065180996
455,202863608
456,907573553
457,1110437161
458,92915692
459,303510729
460,396426421
461,967397937
462,53
463,2235897
464,5961708
465,394761965
466,4428194678
467,4822956643
468,1344941817
469,5720239179
470,7065180996
471,202863608
472,907573553
473,1110437161
474,92915692
475,303510729
476,396426421
477,967397937
478,53
479,2235897
480,5961708
481,394761965
482,4428194678
483,4822956643
484,1344941817
485,5720239179
486,7065180996
487,202863608
488,907573553
489,1110437161
490,92915692
491,303510729
492,396426421
493,967397937
494,53
495,2235897
496,5961708
497,394761965
498,4428194678
499,4822956643
500,1344941817
501,5720239179
502,7065180996
503,202863608
504,907573553
505,1110437161
506,92915692
507,303510729
508,396426421
509,967397937
510,53
511,2235897
512,5961708
513,394761965
514,4428194678
515,4822956643
516,1344941817
517,5720239179
518,7065180996
519,202863608
520,907573553
521,1110437161
522,92915692
523,303510729
524,396426421
525,967397937
526,53
527,2235897
528,5961708
529,394761965
530,4428194678
531,4822956643
532,1344941817
533,5720239179
534,7065180996
535,202863608
536,907573553
537,1110437161
538,92915692
539,303510729
540,396426421
541,967397937
542,53
543,2235897
544,5961708
545,394761965
546,4428194678
547,4822956643
548,1344941817
549,5720239179
550,7065180996
551,202863608
552,907573553
553,1110437161
554,92915692
555,303510729
556,396426421
557,967397937
558,53
559,2235897
560,5961708
561,394761965
562,4428194678
563,4822956643
564,1344941817
565,5720239179
566,7065180996
567,202863608
568,907573553
569,1110437161
570,92915692
571,303510729
572,396426421
573,967397937
574,53
575,2235897
576,5961708
577,394761965
578,4428194678
579,4822956643
580,1344941817
581,5720239179
582,7065180996
583,202863608
584,907573553
585,1110437161
586,92915692
587,303510729
588,396426421
589,967397937
590,53
591,2235897
592,5961708
593,394761965
594,4428194678
595,4822956643
596,1344941817
597,5720239179
598,7065180996
599,202863608
600,907573553
601,1110437161
602,92915692
603,303510729
604,396426421
605,967397937
606,53
607,2235897
608,5961708
609,394761965
610,4428194678
611,4822956643
612,1344941817
613,5720239179
614,7065180996
615,202863608
616,907573553
617,1110437161
618,92915692
619,303510729
620,396426421
621,967397937
622,53
623,2235897
624,5961708
625,394761965
626,4428194678
627,4822956643
628,1344941817
629,5720239179
630,7065180996
631,202863608
632,907573553
633,1110437161
634,92915692
635,303510729
636,396426421
637,967397937
638,53
639,2235897
640,5961708
641,394761965
642,4428194678
643,4822956643
644,1344941817
645,5720239179
646,7065180996
647,202863608
648,907573553
649,1110437161
650,92915692
651,303510729
652,396426421
653,967397937
654,53
655,2235897
656,5961708
657,394761965
658,4428194678
659,4822956643
660,1344941817
661,5720239179
662,7065180996
663,202863608
664,907573553
665,1110437161
666,92915692
667,303510729
668,396426421
669,967397937
670,53
671,2235897
672,5961708
673,394761965
674,4428194678
675,4822956643
676,1344941817
677,5720239179
678,7065180996
679,202863608
680,907573553
681,1110437161
682,92915692
683,303510729
684,396426421
685,967397937
686,53
687,2235897
688,5961708
689,394761965
690,4428194678
691,4822956643
692,1344941817
693,5720239179
694,7065180996
695,202863608
696,907573553
697,1110437161
698,92915692
699,303510729
700,396426421
701,967397937
702,53
703,2235897
704,5961708
705,394761965
706,4428194678
707,4822956643
708,1344941817
709,5720239179
710,7065180996
711,202863608
712,907573553
713,1110437161
714,92915692
715,303510729
716,396426421
717,967397937
718,53
719,2235897
720,5961708
721,394761965
722,4428194678
723,4822956643
724,1344941817
725,5720239179
726,7065180996
727,202863608
728,907573553
729,1110437161
730,92915692
731,303510729
732,396426421
733,967397937
734,53
735,2235897
736,5961708
737,394761965
738,4428194678
739,4822956643
740,1344941817
741,5720239179
742,7065180996
743,202863608
744,907573553
745,1110437161
746,92915692
747,303510729
748,396426421
749,967397937
750,53
751,2235897
752,5961708
753,394761965
754,4428194678
755,4822956643
756,1344941817
757,5720239179
758,7065180996
759,202863608
760,907573553
761,1110437161
762,92915692
763,303510729
764,396426421
765,967397937
766,53
767,2235897
768,5961708
769,394761965
770,4428194678
771,4822956643
772,1344941817
773,5720239179
774,7065180996
775,202863608
776,907573553
777,1110437161
778,92915692
779,303510729
780,396426421
781,967397937
782,53
783,2235897
784,5961708
785,394761965
786,4428194678
787,4822956643
788,1344941817
789,5720239179
790,7065180996
791,202863608
792,907573553
793,1110437161
794,92915692
795,303510729
796,396426421
797,967397937
798,53
799,2235897
800,5961708
801,394761965
802,4428194678
803,4822956643
804,1344941817
805,5720239179
806,7065180996
807,202863608
808,907573553
809,1110437161
810,92915692
811,303510729
812,396426421
813,967397937
814,53
815,2235897
816,5961708
817,394761965
818,4428194678
819,4822956643
820,1344941817
821,5720239179
822,7065180996
823,202863608
824,907573553
825,1110437161
826,92915692
827,303510729
828,396426421
829,967397937
830,53
831,2235897
832,5961708
833,394761965
834,4428194678
835,4822956643
836,1344941817
837,5720239179
838,7065180996
839,202863608
840,907573553
841,1110437161
842,92915692
843,303510729
844,396426421
845,967397937
846,53
847,2235897
848,5961708
849,394761965
850,4428194678
851,4822956643
852,1344941817
853,5720239179
854,7065180996
855,202863608
856,907573553
857,1110437161
858,92915692
859,303510729
860,396426421
861,967397937
862,53
863,2235897
864,5961708
865,394761965
866,4428194678
867,4822956643
868,1344941817
869,5720239179
870,7065180996
871,202863608
872,907573553
873,1110437161
874,92915692
875,303510729
876,396426421
877,967397937
878,53
879,2235897
880,5961708
881,394761965
882,4428194678
883,4822956643
884,1344941817
885,5720239179
886,7065180996
887,202863608
888,907573553
889,1110437161
890,92915692
891,303510729
892,396426421
893,967397937
894,53
895,2235897
896,5961708
897,394761965
898,4428194678
899,4822956643
900,1344941817
901,5720239179
902,7065180996
903,202863608
904,907573553
905,1110437161
906,92915692
907,303510729
908,396426421
909,967397937
910,53
911,2235897
912,5961708
913,394761965
914,4428194678
915,4822956643
916,1344941817
917,5720239179
918,7065180996
919,202863608
920,907573553
921,1110437161
922,92915692
923,303510729
924,396426421
925,967397937
926,53
927,2235897
928,5961708
929,394761965
930,4428194678
931,4822956643
932,1344941817
933,5720239179
934,7065180996
935,202863608
936,907573553
937,1110437161
938,92915692
939,303510729
940,396426421
941,967397937
942,53
943,2235897
944,5961708
945,394761965
946,4428194678
947,4822956643
948,1344941817
949,5720239179
950,7065180996
951,202863608
952,907573553
953,1110437161
954,92915692
955,303510729
956,396426421
957,967397937
958,53
959,2235897
960,5961708
961,394761965
962,4428194678
963,4822956643
964,1344941817
965,5720239179
966,7065180996
967,202863608
968,907573553
969,1110437161
970,92915692
971,303510729
972,396426421
973,967397937
974,53
975,2235897
976,5961708
977,394761965
978,4428194678
979,4822956643
980,1344941817
981,5720239179
982,7065180996
983,202863608
984,907573553
985,1110437161
986,92915692
987,303510729
988,396426421
989,967397937
990,53
991,2235897
992,5961708
993,394761965
994,4428194678
995,4822956643
996,1344941817
997,5720239179
998,7065180996
999,202863608
1000,907573553
1001,1110437161
1002,92915692
1003,303510729
1004,396426421
1005,967397937
1006,53
1007,2235897
1008,5961708
1009,394761965
1010,4428194678
1011,4822956643
1012,1344941817
1013,5720239179
1014,7065180996
1015,202863608
1016,907573553
1017,1110437161
1018,92915692
1019,303510729
1020,396426421
1021,967397937
1022,53
1023,2235897
1024,5961708
1025,394761965
1026,4428194678
1027,4822956643
1028,1344941817
1029,5720239179
1030,7065180996
1031,202863608
1032,907573553
1033,1110437161
1034,92915692
1035,303510729
1036,396426421
1037,967397937
1038,53
1039,2235897
1040,5961708
1041,394761965
1042,4428194678
1043,4822956643
1044,1344941817
1045,5720239179
1046,7065180996
1047,202863608
1048,907573553
1049,1110437161
1050,92915692
1051,303510729
1052,396426421
1053,967397937
1054,53
1055,2235897
1056,5961708
1057,394761965
1058,4428194678
1059,4822956643
1060,1344941817
1061,5720239179
1062,7065180996
1063,202863608
1064,907573553
1065,1110437161
1066,92915692
1067,303510729
1068,396426421
1069,967397937
1070,53
1071,2235897
1072,5961708
1073,394761965
1074,4428194678
1075,4822956643
1076,1344941817
1077,5720239179
1078,7065180996
1079,202863608
1080,907573553
1081,1110437161
1082,92915692
1083,303510729
1084,396426421
1085,967397937
1086,53
1087,2235897
1088,5961708
1089,394761965
1090,4428194678
1091,4822956643
1092,1344941817
1093,5720239179
1094,7065180996
1095,202863608
1096,907573553
1097,1110437161
1098,92915692
1099,303510729
1100,396426421
1101,967397937
1102,53
1103,2235897
1104,5961708
1105,394761965
1106,4428194678
1107,4822956643
1108,1344941817
1109,5720239179
1110,7065180996
1111,202863608
1112,907573553
1113,1110437161
1114,92915692
1115,303510729
1116,396426421
1117,967397937
1118,53
1119,2235897
1120,5961708
1121,394761965
1122,4428194678
1123,4822956643
1124,1344941817
1125,5720239179
1126,7065180996
1127,202863608
1128,907573553
1129,1110437161
1130,92915692
1131,303510729
1132,396426421
1133,967397937
1134,53
1135,2235897
1136,5961708
1137,394761965
1138,4428194678
1139,4822956643
1140,1344941817
1141,5720239179
1142,7065180996
1143,202863608
1144,907573553
1145,1110437161
1146,92915692
1147,303510729
1148,396426421
1149,967397937
1150,53
1151,2235897
1152,5961708
1153,394761965
1154,4428194678
1155,4822956643
1156,1344941817
1157,5720239179
1158,7065180996
1159,202863608
1160,907573553
1161,1110437161
1162,92915692
1163,303510729
1164,396426421
1165,967397937
1166,53
1167,2235897
1168,5961708
1169,394761965
1170,4428194678
1171,4822956643
1172,1344941817
1173,5720239179
1174,7065180996
1175,202863608
1176,907573553
1177,1110437161
1178,92915692
1179,303510729
1180,396426421
1181,967397937
1182,53
1183,2235897
1184,5961708
1185,394761965
1186,4428194678
1187,4822956643
1188,1344941817
1189,5720239179
1190,7065180996
1191,202863608
1192,907573553
1193,1110437161
1194,92915692
1195,303510729
1196,396426421
1197,967397937
1198,53
1199,2235897
1200,5961708
1201,394761965
1202,4428194678
1203,4822956643
1204,1344941817
1205,5720239179
1206,7065180996
1207,202863608
1208,907573553
1209,1110437161
1210,92915692
1211,303510729
1212,396426421
1213,967397937
1214,53
1215,2235897
1216,5961708
1217,394761965
1218,4428194678
1219,4822956643
1220,1344941817
1221,5720239179
1222,7065180996
1223,202863608
1224,907573553
1225,1110437161
1226,92915692
1227,303510729
1228,396426421
1229,967397937
1230,53
1231,2235897
1232,5961708
1233,394761965
1234,4428194678
1235,4822956643
1236,1344941817
1237,5720239179
1238,7065180996
1239,202863608
1240,907573553
1241,1110437161
1242,92915692
1243,303510729
1244,396426421
1245,967397937
1246,53
1247,2235897
1248,5961708
1249,394761965
1250,4428194678
1251,4822956643
1252,1344941817
1253,5720239179
1254,7065180996
1255,202863608
1256,907573553
1257,1110437161
1258,92915692
1259,303510729
1260,396426421
1261,967397937
1262,53
1263,2235897
1264,5961708
1265,394761965
1266,4428194678
1267,4822956643
1268,1344941817
1269,5720239179
1270,7065180996
1271,202863608
1272,907573553
1273,1110437161
1274,92915692
1275,303510729
1276,396426421
1277,967397937
1278,53
1279,2235897
1280,5961708
1281,394761965
1282,4428194678
1283,4822956643
1284,1344941817
1285,5720239179
1286,7065180996
1287,202863608
1288,907573553
1289,1110437161
1290,92915692
1291,303510729
1292,396426421
1293,967397937
1294,53
1295,2235897
1296,5961708
1297,394761965
1298,4428194678
1299,4822956643
1300,1344941817
1301,5720239179
1302,7065180996
1303,202863608
1304,907573553
1305,1110437161
1306,92915692
1307,303510729
1308,396426421
1309,967397937
1310,53
1311,2235897
1312,5961708
1313,394761965
1314,4428194678
1315,4822956643
1316,1344941817
1317,5720239179
1318,7065180996
1319,202863608
1320,907573553
1321,1110437161
1322,92915692
1323,303510729
1324,396426421
1325,967397937
1326,53
1327,2235897
1328,5961708
1329,394761965
1330,4428194678
1331,4822956643
1332,1344941817
1333,5720239179
1334,7065180996
1335,202863608
1336,907573553
1337,1110437161
1338,92915692
1339,303510729
1340,396426421
1341,967397937
1342,53
1343,2235897
1344,5961708
1345,394761965
1346,4428194678
1347,4822956643
1348,1344941817
1349,5720239179
1350,7065180996
1351,202863608
1352,907573553
1353,1110437161
1354,92915692
1355,303510729
1356,396426421
1357,967397937
1358,53
1359,2235897
1360,5961708
1361,394761965
1362,4428194678
1363,4822956643
1364,1344941817
1365,5720239179
1366,7065180996
1367,202863608
1368,907573553
1369,1110437161
1370,92915692
1371,303510729
1372,396426421
1373,967397937
1374,53
1375,2235897
1376,5961708
1377,394761965
1378,4428194678
1379,4822956643
1380,1344941817
1381,5720239179
1382,7065180996
1383,202863608
1384,907573553
1385,1110437161
1386,92915692
1387,303510729
1388,396426421
1389,967397937
1390,53
1391,2235897
1392,5961708
1393,394761965
1394,4428194678
1395,4822956643
1396,1344941817
1397,5720239179
1398,7065180996
1399,202863608
1400,907573553
1401,1110437161
1402,92915692
1403,303510729
1404,396426421
1405,967397937
1406,53
1407,2235897
1408,5961708
1409,394761965
1410,4428194678
1411,4822956643
1412,1344941817
1413,5720239179
1414,7065180996
1415,202863608
1416,907573553
1417,1110437161
1418,92915692
1419,303510729
1420,396426421
1421,967397937
1422,53
1423,2235897
1424,5961708
1425,394761965
1426,4428194678
1427,4822956643
1428,1344941817
1429,5720239179
1430,7065180996
1431,202863608
1432,907573553
1433,1110437161
1434,92915692
1435,303510729
1436,396426421
1437,967397937
1438,53
1439,2235897
1440,5961708
1441,394761965
1442,4428194678
1443,4822956643
1444,1344941817
1445,5720239179
1446,7065180996
1447,202863608
1448,907573553
1449,1110437161
1450,92915692
1451,303510729
1452,396426421
1453,967397937
1454,53
1455,2235897
1456,5961708
1457,394761965
1458,4428194678
1459,4822956643
1460,1344941817
1461,5720239179
1462,7065180996
1463,202863608
1464,907573553
1465,1110437161
1466,92915692
1467,303510729
1468,396426421
1469,967397937
1470,53
1471,2235897
1472,5961708
1473,394761965
1474,4428194678
1475,4822956643
1476,1344941817
1477,5720239179
1478,7065180996
1479,202863608
1480,907573553
1481,1110437161
1482,92915692
1483,303510729
1484,396426421
1485,967397937
1486,53
1487,2235897
1488,5961708
1489,394761965
1490,4428194678
1491,4822956643
1492,1344941817
1493,5720239179
1494,7065180996
1495,202863608
1496,907573553
1497,1110437161
1498,92915692
1499,303510729
1500,396426421
1501,967397937
1502,53
1503,2235897
1504,5961708
1505,394761965
1506,4428194678
1507,4822956643
1508,1344941817
1509,5720239179
1510,7065180996
1511,202863608
1512,907573553
1513,1110437161
1514,92915692
1515,303510729
1516,396426421
1517,967397937
1518,53
1519,2235897
1520,5961708
1521,394761965
1522,4428194678
1523,4822956643
1524,1344941817
1525,5720239179
1526,7065180996
1527,202863608
1528,907573553
1529,1110437161
1530,92915692
1531,303510729
1532,396426421
1533,967397937
1534,53
1535,2235897
1536,5961708
1537,394761965
1538,4428194678
1539,4822956643
1540,1344941817
1541,5720239179
1542,7065180996
1543,202863608
1544,907573553
1545,1110437161
1546,92915692
1547,303510729
1548,396426421
1549,967397937
1550,53
1551,2235897
1552,5961708
1553,394761965
1554,4428194678
1555,4822956643
1556,1344941817
1557,5720239179
1558,7065180996
1559,202863608
1560,907573553
1561,1110437161
1562,92915692
1563,303510729
1564,396426421
1565,967397937
1566,53
1567,2235897
1568,5961708
1569,394761965
1570,4428194678
1571,4822956643
1572,1344941817
1573,5720239179
1574,7065180996
1575,202863608
1576,907573553
1577,1110437161
1578,92915692
1579,303510729
1580,396426421
1581,967397937
1582,53
1583,2235897
1584,5961708
1585,394761965
1586,4428194678
1587,4822956643
1588,1344941817
1589,5720239179
1590,7065180996
1591,202863608
1592,907573553
1593,1110437161
1594,92915692
1595,303510729
1596,396426421
1597,967397937
1598,53
1599,2235897
1600,5961708
1601,394761965
1602,4428194678
1603,4822956643
1604,1344941817
1605,5720239179
1606,7065180996
1607,202863608
1608,907573553
1609,1110437161
1610,92915692
1611,303510729
1612,396426421
1613,967397937
1614,53
1615,2235897
1616,5961708
1617,394761965
1618,4428194678
1619,4822956643
1620,1344941817
1621,5720239179
1622,7065180996
1623,202863608
1624,907573553
1625,1110437161
1626,92915692
1627,303510729
1628,396426421
1629,967397937
1630,53
1631,2235897
1632,5961708
1633,394761965
1634,4428194678
1635,4822956643
1636,1344941817
1637,5720239179
1638,7065180996
1639,202863608
1640,907573553
1641,1110437161
1642,92915692
1643,303510729
1644,396426421
1645,967397937
1646,53
1647,2235897
1648,5961708
1649,394761965
1650,4428194678
1651,4822956643
1652,1344941817
1653,5720239179
1654,7065180996
1655,202863608
1656,907573553
1657,1110437161
1658,92915692
1659,303510729
1660,396426421
1661,967397937
1662,53
1663,2235897
1664,5961708
1665,394761965
1666,4428194678
1667,4822956643
1668,1344941817
1669,5720239179
1670,7065180996
1671,202863608
1672,907573553
1673,1110437161
1674,92915692
1675,303510729
1676,396426421
1677,967397937
1678,53
1679,2235897
1680,5961708
1681,394761965
1682,4428194678
1683,4822956643
1684,1344941817
1685,5720239179
1686,7065180996
1687,202863608
1688,907573553
1689,1110437161
1690,92915692
1691,303510729
1692,396426421
1693,967397937
1694,53
1695,2235897
1696,5961708
1697,394761965
1698,4428194678
1699,4822956643
1700,1344941817
1701,5720239179
1702,7065180996
1703,202863608
1704,907573553
1705,1110437161
1706,92915692
1707,303510729
1708,396426421
1709,967397937
1710,53
1711,2235897
1712,5961708
1713,394761965
1714,4428194678
1715,4822956643
1716,1344941817
1717,5720239179
1718,7065180996
1719,202863608
1720,907573553
1721,1110437161
1722,92915692
1723,303510729
1724,396426421
1725,967397937
1726,53
1727,2235897
1728,5961708
1729,394761965
1730,4428194678
1731,4822956643
1732,1344941817
1733,5720239179
1734,7065180996
1735,202863608
1736,907573553
1737,1110437161
1738,92915692
1739,303510729
1740,396426421
1741,967397937
1742,53
1743,2235897
1744,5961708
1745,394761965
1746,4428194678
1747,4822956643
1748,1344941817
1749,5720239179
1750,7065180996
1751,202863608
1752,907573553
1753,1110437161
1754,92915692
1755,303510729
1756,396426421
1757,967397937
1758,53
1759,2235897
1760,5961708
1761,394761965
1762,4428194678
1763,4822956643
1764,1344941817
1765,5720239179
1766,7065180996
1767,202863608
1768,907573553
1769,1110437161
1770,92915692
1771,303510729
1772,396426421
1773,967397937
1774,53
1775,2235897
1776,5961708
1777,394761965
1778,4428194678
1779,4822956643
1780,1344941817
1781,5720239179
1782,7065180996
1783,202863608
1784,907573553
1785,1110437161
1786,92915692
1787,303510729
1788,396426421
1789,967397937
1790,53
1791,2235897
1792,5961708
1793,394761965
1794,4428194678
1795,4822956643
1796,1344941817
1797,5720239179
1798,7065180996
1799,202863608
1800,907573553
1801,1110437161
1802,92915692
1803,303510729
1804,396426421
1805,967397937
1806,53
1807,2235897
1808,5961708
1809,394761965
1810,4428194678
1811,4822956643
1812,1344941817
1813,5720239179
1814,7065180996
1815,202863608
1816,907573553
1817,1110437161
1818,92915692
1819,303510729
1820,396426421
1821,967397937
1822,53
1823,2235897
1824,5961708
1825,394761965
1826,4428194678
1827,4822956643
1828,1344941817
1829,5720239179
1830,7065180996
1831,202863608
1832,907573553
1833,1110437161
1834,92915692
1835,303510729
1836,396426421
1837,967397937
1838,53
1839,2235897
1840,5961708
1841,394761965
1842,4428194678
1843,4822956643
1844,1344941817
1845,5720239179
1846,7065180996
1847,202863608
1848,907573553
1849,1110437161
1850,92915692
1851,303510729
1852,396426421
1853,967397937
1854,53
1855,2235897
1856,5961708
1857,394761965
1858,4428194678
1859,4822956643
1860,1344941817
1861,5720239179
1862,7065180996
1863,202863608
1864,907573553
1865,1110437161
1866,92915692
1867,303510729
1868,396426421
1869,967397937
1870,53
1871,2235897
1872,5961708
1873,394761965
1874,4428194678
1875,4822956643
1876,1344941817
1877,5720239179
1878,7065180996
1879,202863608
1880,907573553
1881,1110437161
1882,92915692
1883,303510729
1884,396426421
1885,967397937
1886,53
1887,2235897
1888,5961708
1889,394761965
1890,4428194678
1891,4822956643
1892,1344941817
1893,5720239179
1894,7065180996
1895,202863608
1896,907573553
1897,1110437161
1898,92915692
1899,303510729
1900,396426421
1901,967397937
1902,53
1903,2235897
1904,5961708
1905,394761965
1906,4428194678
1907,4822956643
1908,1344941817
1909,5720239179
1910,7065180996
1911,202863608
1912,907573553
1913,1110437161
1914,92915692
1915,303510729
1916,396426421
1917,967397937
1918,53
1919,2235897
1920,5961708
1921,394761965
1922,4428194678
1923,4822956643
1924,1344941817
1925,5720239179
1926,7065180996
1927,202863608
1928,907573553
1929,1110437161
1930,92915692
1931,303510729
1932,396426421
1933,967397937
1934,53
1935,2235897
1936,5961708
1937,394761965
1938,4428194678
1939,4822956643
1940,1344941817
1941,5720239179
1942,7065180996
1943,202863608
1944,907573553
1945,1110437161
1946,92915692
1947,303510729
1948,396426421
1949,967397937
1950,53
1951,2235897
1952,5961708
1953,394761965
1954,4428194678
1955,4822956643
1956,1344941817
1957,5720239179
1958,7065180996
1959,202863608
1960,907573553
1961,1110437161
1962,92915692
1963,303510729
1964,396426421
1965,967397937
1966,53
1967,2235897
1968,5961708
1969,394761965
1970,4428194678
1971,4822956643
1972,1344941817
1973,5720239179
1974,7065180996
1975,202863608
1976,907573553
1977,1110437161
1978,92915692
1979,303510729
1980,396426421
1981,967397937
1982,53
1983,2235897
1984,5961708
1985,394761965
1986,4428194678
1987,4822956643
1988,1344941817
1989,5720239179
1990,7065180996
1991,202863608
1992,907573553
1993,1110437161
1994,92915692
1995,303510729
1996,396426421
1997,967397937
1998,53
1999,2235897
2000,5961708
2001,394761965
2002,4428194678
2003,4822956643
2004,1344941817
2005,5720239179
2006,7065180996
2007,202863608
2008,907573553
2009,1110437161
2010,92915692
2011,303510729
2012,396426421
2013,967397937
2014,53
2015,2235897
2016,5961708
2017,394761965
2018,4428194678
2019,4822956643
2020,1344941817
2021,5720239179
2022,7065180996
2023,202863608
2024,907573553
2025,1110437161
2026,92915692
2027,303510729
2028,396426421
2029,967397937
2030,53
2031,2235897
2032,5961708
2033,394761965
2034,4428194678
2035,4822956643
2036,1344941817
2037,5720239179
2038,7065180996
2039,202863608
2040,907573553
2041,1110437161
2042,92915692
2043,303510729
2044,396426421
2045,967397937
2046,53
2047,2235897
2048,5961708
2049,394761965
2050,4428194678
2051,4822956643
2052,1344941817
2053,5720239179
2054,7065180996
2055,202863608
2056,907573553
2057,1110437161
2058,92915692
2059,303510729
2060,396426421
2061,967397937
2062,53
2063,2235897
2064,5961708
2065,394761965
2066,4428194678
2067,4822956643
2068,1344941817
2069,5720239179
2070,7065180996
2071,202863608
2072,907573553
2073,1110437161
2074,92915692
2075,303510729
2076,396426421
2077,967397937
2078,53
2079,2235897
2080,5961708
2081,394761965
2082,4428194678
2083,4822956643
2084,1344941817
2085,5720239179
2086,7065180996
2087,202863608
2088,907573553
2089,1110437161
2090,92915692
2091,303510729
2092,396426421
2093,967397937
2094,53
2095,2235897
2096,5961708
2097,394761965
2098,4428194678
2099,4822956643
2100,1344941817
2101,5720239179
2102,7065180996
2103,202863608
2104,907573553
2105,1110437161
2106,92915692
2107,303510729
2108,396426421
2109,967397937
2110,53
2111,2235897
2112,5961708
2113,394761965
2114,4428194678
2115,4822956643
2116,1344941817
2117,5720239179
2118,7065180996
2119,202863608
2120,907573553
2121,1110437161
2122,92915692
2123,303510729
2124,396426421
2125,967397937
2126,53
2127,2235897
2128,5961708
2129,394761965
2130,4428194678
2131,4822956643
2132,1344941817
2133,5720239179
2134,7065180996
2135,202863608
2136,907573553
2137,1110437161
2138,92915692
2139,303510729
2140,396426421
2141,967397937
2142,53
2143,2235897
2144,5961708
2145,394761965
2146,4428194678
2147,4822956643
2148,1344941817
2149,5720239179
2150,7065180996
2151,202863608
2152,907573553
2153,1110437161
2154,92915692
2155,303510729
2156,396426421
2157,967397937
2158,53
2159,2235897
2160,5961708
2161,394761965
2162,4428194678
2163,4822956643
2164,1344941817
2165,5720239179
2166,7065180996
2167,202863608
2168,907573553
2169,1110437161
2170,92915692
2171,303510729
2172,396426421
2173,967397937
2174,53
2175,2235897
2176,5961708
2177,394761965
2178,4428194678
2179,4822956643
2180,1344941817
2181,5720239179
2182,7065180996
2183,202863608
2184,907573553
2185,1110437161
2186,92915692
2187,303510729
2188,396426421
2189,967397937
2190,53
2191,2235897
2192,5961708
2193,394761965
2194,4428194678
2195,4822956643
2196,1344941817
2197,5720239179
2198,7065180996
2199,202863608
2200,907573553
2201,1110437161
2202,92915692
2203,303510729
2204,396426421
2205,967397937
2206,53
2207,2235897
2208,5961708
2209,394761965
2210,4428194678
2211,4822956643
2212,1344941817
2213,5720239179
2214,7065180996
2215,202863608
2216,907573553
2217,1110437161
2218,92915692
2219,303510729
2220,396426421
2221,967397937
2222,53
2223,2235897
2224,5961708
2225,394761965
2226,4428194678
2227,4822956643
2228,1344941817
2229,5720239179
2230,7065180996
2231,202863608
2232,907573553
2233,1110437161
2234,92915692
2235,303510729
2236,396426421
2237,967397937
2238,53
2239,2235897
2240,5961708
2241,394761965
2242,4428194678
2243,4822956643
2244,1344941817
2245,5720239179
2246,7065180996
2247,202863608
2248,907573553
2249,1110437161
2250,92915692
2251,303510729
2252,396426421
2253,967397937
2254,53
2255,2235897
2256,5961708
2257,394761965
2258,4428194678
2259,4822956643
2260,1344941817
2261,5720239179
2262,7065180996
2263,202863608
2264,907573553
2265,1110437161
2266,92915692
2267,303510729
2268,396426421
2269,967397937
2270,53
2271,2235897
2272,5961708
2273,394761965
2274,4428194678
2275,4822956643
2276,1344941817
2277,5720239179
2278,7065180996
2279,202863608
2280,907573553
2281,1110437161
2282,92915692
2283,303510729
2284,396426421
2285,967397937
2286,53
2287,2235897
2288,5961708
2289,394761965
2290,4428194678
2291,4822956643
2292,1344941817
2293,5720239179
2294,7065180996
2295,202863608
2296,907573553
2297,1110437161
2298,92915692
2299,303510729
2300,396426421
2301,967397937
2302,53
2303,2235897
2304,5961708
2305,394761965
2306,4428194678
2307,4822956643
2308,1344941817
2309,5720239179
2310,7065180996
2311,202863608
2312,907573553
2313,1110437161
2314,92915692
2315,303510729
2316,396426421
2317,967397937
2318,53
2319,2235897
2320,5961708
2321,394761965
2322,4428194678
2323,4822956643
2324,1344941817
2325,5720239179
2326,7065180996
2327,202863608
2328,907573553
2329,1110437161
2330,92915692
2331,303510729
2332,396426421
2333,967397937
2334,53
2335,2235897
2336,5961708
2337,394761965
2338,4428194678
2339,4822956643
2340,1344941817
2341,5720239179
2342,7065180996
2343,202863608
2344,907573553
2345,1110437161
2346,92915692
2347,303510729
2348,396426421
2349,967397937
2350,53
2351,2235897
2352,5961708
2353,394761965
2354,4428194678
2355,4822956643
2356,1344941817
2357,5720239179
2358,7065180996
2359,202863608
2360,907573553
2361,1110437161
2362,92915692
2363,303510729
2364,396426421
2365,967397937
2366,53
2367,2235897
2368,5961708
2369,394761965
2370,4428194678
2371,4822956643
2372,1344941817
2373,5720239179
2374,7065180996
2375,202863608
2376,907573553
2377,1110437161
2378,92915692
2379,303510729
2380,396426421
2381,967397937
2382,53
2383,2235897
2384,5961708
2385,394761965
2386,4428194678
2387,4822956643
2388,1344941817
2389,5720239179
2390,7065180996
2391,202863608
2392,907573553
2393,1110437161
2394,92915692
2395,303510729
2396,396426421
2397,967397937
2398,53
2399,2235897
2400,5961708
2401,394761965
2402,4428194678
2403,4822956643
2404,1344941817
2405,5720239179
2406,7065180996
2407,202863608
2408,907573553
2409,1110437161
2410,92915692
2411,303510729
2412,396426421
2413,967397937
2414,53
2415,2235897
2416,5961708
2417,394761965
2418,4428194678
2419,4822956643
2420,1344941817
2421,5720239179
2422,7065180996
2423,202863608
2424,907573553
2425,1110437161
2426,92915692
2427,303510729
2428,396426421
2429,967397937
2430,53
2431,2235897
2432,5961708
2433,394761965
2434,4428194678
2435,4822956643
2436,1344941817
2437,5720239179
2438,7065180996
2439,202863608
2440,907573553
2441,1110437161
2442,92915692
2443,303510729
2444,396426421
2445,967397937
2446,53
2447,2235897
2448,5961708
2449,394761965
2450,4428194678
2451,4822956643
2452,1344941817
2453,5720239179
2454,7065180996
2455,202863608
2456,907573553
2457,1110437161
2458,92915692
2459,303510729
2460,396426421
2461,967397937
2462,53
2463,2235897
2464,5961708
2465,394761965
2466,4428194678
2467,4822956643
2468,1344941817
2469,5720239179
2470,7065180996
2471,202863608
2472,907573553
2473,1110437161
2474,92915692
2475,303510729
2476,396426421
2477,967397937
2478,53
2479,2235897
2480,5961708
2481,394761965
2482,4428194678
2483,4822956643
2484,1344941817
2485,5720239179
2486,7065180996
2487,202863608
2488,907573553
2489,1110437161
2490,92915692
2491,303510729
2492,396426421
2493,967397937
2494,53
2495,2235897
2496,5961708
2497,394761965
2498,4428194678
2499,4822956643
2500,1344941817
2501,5720239179
2502,7065180996
2503,202863608
2504,907573553
2505,1110437161
2506,92915692
2507,303510729
2508,396426421
2509,967397937
2510,53
2511,2235897
2512,5961708
2513,394761965
2514,4428194678
2515,4822956643
2516,1344941817
2517,5720239179
2518,7065180996
2519,202863608
2520,907573553
2521,1110437161
2522,92915692
2523,303510729
2524,396426421
2525,967397937
2526,53
2527,2235897
2528,5961708
2529,394761965
2530,4428194678
2531,4822956643
2532,1344941817
2533,5720239179
2534,7065180996
2535,202863608
2536,907573553
2537,1110437161
2538,92915692
2539,303510729
2540,396426421
2541,967397937
2542,53
2543,2235897
2544,5961708
2545,394761965
2546,4428194678
2547,4822956643
2548,1344941817
2549,5720239179
2550,7065180996
2551,202863608
2552,907573553
2553,1110437161
2554,92915692
2555,303510729
2556,396426421
2557,967397937
2558,53
2559,2235897
2560,5961708
2561,394761965
2562,4428194678
2563,4822956643
2564,1344941817
2565,5720239179
2566,7065180996
2567,202863608
2568,907573553
2569,1110437161
2570,92915692
2571,303510729
2572,396426421
2573,967397937
2574,53
2575,2235897
2576,5961708
2577,394761965
2578,4428194678
2579,4822956643
2580,1344941817
2581,5720239179
2582,7065180996
2583,202863608
2584,907573553
2585,1110437161
2586,92915692
2587,303510729
2588,396426421
2589,967397937
2590,53
2591,2235897
2592,5961708
2593,394761965
2594,4428194678
2595,4822956643
2596,1344941817
2597,5720239179
2598,7065180996
2599,202863608
2600,907573553
2601,1110437161
2602,92915692
2603,303510729
2604,396426421
2605,967397937
2606,53
2607,2235897
2608,5961708
2609,394761965
2610,4428194678
2611,4822956643
2612,1344941817
2613,5720239179
2614,7065180996
2615,202863608
2616,907573553
2617,1110437161
2618,92915692
2619,303510729
2620,396426421
2621,967397937
2622,53
2623,2235897
2624,5961708
2625,394761965
2626,4428194678
2627,4822956643
2628,1344941817
2629,5720239179
2630,7065180996
2631,202863608
2632,907573553
2633,1110437161
2634,92915692
2635,303510729
2636,396426421
2637,967397937
2638,53
2639,2235897
2640,5961708
2641,394761965
2642,4428194678
2643,4822956643
2644,1344941817
2645,5720239179
2646,7065180996
2647,202863608
2648,907573553
2649,1110437161
2650,92915692
2651,303510729
2652,396426421
2653,967397937
2654,53
2655,2235897
2656,5961708
2657,394761965
2658,4428194678
2659,4822956643
2660,1344941817
2661,5720239179
2662,7065180996
2663,202863608
2664,907573553
2665,1110437161
2666,92915692
2667,303510729
2668,396426421
2669,967397937
2670,53
2671,2235897
2672,5961708
2673,394761965
2674,4428194678
2675,4822956643
2676,1344941817
2677,5720239179
2678,7065180996
2679,202863608
2680,907573553
2681,1110437161
2682,92915692
2683,303510729
2684,396426421
2685,967397937
2686,53
2687,2235897
2688,5961708
2689,394761965
2690,4428194678
2691,4822956643
2692,1344941817
2693,5720239179
2694,7065180996
2695,202863608
2696,907573553
2697,1110437161
2698,92915692
2699,303510729
2700,396426421
2701,967397937
2702,53
2703,2235897
2704,5961708
2705,394761965
2706,4428194678
2707,4822956643
2708,1344941817
2709,5720239179
2710,7065180996
2711,202863608
2712,907573553
2713,1110437161
2714,92915692
2715,303510729
2716,396426421
2717,967397937
2718,53
2719,2235897
2720,5961708
2721,394761965
2722,4428194678
2723,4822956643
2724,1344941817
2725,5720239179
2726,7065180996
2727,202863608
2728,907573553
2729,1110437161
2730,92915692
2731,303510729
2732,396426421
2733,967397937
2734,53
2735,2235897
2736,5961708
2737,394761965
2738,4428194678
2739,4822956643
2740,1344941817
2741,5720239179
2742,7065180996
2743,202863608
2744,907573553
2745,1110437161
2746,92915692
2747,303510729
2748,396426421
2749,967397937
2750,53
2751,2235897
2752,5961708
2753,394761965
2754,4428194678
2755,4822956643
2756,1344941817
2757,5720239179
2758,7065180996
2759,202863608
2760,907573553
2761,1110437161
2762,92915692
2763,303510729
2764,396426421
2765,967397937
2766,53
2767,2235897
2768,5961708
2769,394761965
2770,4428194678
2771,4822956643
2772,1344941817
2773,5720239179
2774,7065180996
2775,202863608
2776,907573553
2777,1110437161
2778,92915692
2779,303510729
2780,396426421
2781,967397937
2782,53
2783,2235897
2784,5961708
2785,394761965
2786,4428194678
2787,4822956643
2788,1344941817
2789,5720239179
2790,7065180996
2791,202863608
2792,907573553
2793,1110437161
2794,92915692
2795,303510729
2796,396426421
2797,967397937
2798,53
2799,2235897
2800,5961708
2801,394761965
2802,4428194678
2803,4822956643
2804,1344941817
2805,5720239179
2806,7065180996
2807,202863608
2808,907573553
2809,1110437161
2810,92915692
2811,303510729
2812,396426421
2813,967397937
2814,53
2815,2235897
2816,5961708
2817,394761965
2818,4428194678
2819,4822956643
2820,1344941817
2821,5720239179
2822,7065180996
2823,202863608
2824,907573553
2825,1110437161
2826,92915692
2827,303510729
2828,396426421
2829,967397937
2830,53
2831,2235897
2832,5961708
2833,394761965
2834,4428194678
2835,4822956643
2836,1344941817
2837,5720239179
2838,7065180996
2839,202863608
2840,907573553
2841,1110437161
2842,92915692
2843,303510729
2844,396426421
2845,967397937
2846,53
2847,2235897
2848,5961708
2849,394761965
2850,4428194678
2851,4822956643
2852,1344941817
2853,5720239179
2854,7065180996
2855,202863608
2856,907573553
2857,1110437161
2858,92915692
2859,303510729
2860,396426421
2861,967397937
2862,53
2863,2235897
2864,5961708
2865,394761965
2866,4428194678
2867,4822956643
2868,1344941817
2869,5720239179
2870,7065180996
2871,202863608
2872,907573553
2873,1110437161
2874,92915692
2875,303510729
2876,396426421
2877,967397937
2878,53
2879,2235897
2880,5961708
2881,394761965
2882,4428194678
2883,4822956643
2884,1344941817
2885,5720239179
2886,7065180996
2887,202863608
2888,907573553
2889,1110437161
2890,92915692
2891,303510729
2892,396426421
2893,967397937
2894,53
2895,2235897
2896,5961708
2897,394761965
2898,4428194678
2899,4822956643
2900,1344941817
2901,5720239179
2902,7065180996
2903,202863608
2904,907573553
2905,1110437161
2906,92915692
2907,303510729
2908,396426421
2909,967397937
2910,53
2911,2235897
2912,5961708
2913,394761965
2914,4428194678
2915,4822956643
2916,1344941817
2917,5720239179
2918,7065180996
2919,202863608
2920,907573553
2921,1110437161
2922,92915692
2923,303510729
2924,396426421
2925,967397937
2926,53
2927,2235897
2928,5961708
2929,394761965
2930,4428194678
2931,4822956643
2932,1344941817
2933,5720239179
2934,7065180996
2935,202863608
2936,907573553
2937,1110437161
2938,92915692
2939,303510729
2940,396426421
2941,967397937
2942,53
2943,2235897
2944,5961708
2945,394761965
2946,4428194678
2947,4822956643
2948,1344941817
2949,5720239179
2950,7065180996
2951,202863608
2952,907573553
2953,1110437161
2954,92915692
2955,303510729
2956,396426421
2957,967397937
2958,53
2959,2235897
2960,5961708
2961,394761965
2962,4428194678
2963,4822956643
2964,1344941817
2965,5720239179
2966,7065180996
2967,202863608
2968,907573553
2969,1110437161
2970,92915692
2971,303510729
2972,396426421
2973,967397937
2974,53
2975,2235897
2976,5961708
2977,394761965
2978,4428194678
2979,4822956643
2980,1344941817
2981,5720239179
2982,7065180996
2983,202863608
2984,907573553
2985,1110437161
2986,92915692
2987,303510729
2988,396426421
2989,967397937
2990,53
2991,2235897
2992,5961708
2993,394761965
2994,4428194678
2995,4822956643
2996,1344941817
2997,5720239179
2998,7065180996
2999,202863608
3000,907573553
3001,1110437161
3002,92915692
3003,303510729
3004,396426421
3005,967397937
3006,53
3007,2235897
3008,5961708
3009,394761965
3010,4428194678
3011,4822956643
3012,1344941817
3013,5720239179
3014,7065180996
3015,202863608
3016,907573553
3017,1110437161
3018,92915692
3019,303510729
3020,396426421
3021,967397937
3022,53
3023,2235897
3024,5961708
3025,394761965
3026,4428194678
3027,4822956643
3028,1344941817
3029,5720239179
3030,7065180996
3031,202863608
3032,907573553
3033,1110437161
3034,92915692
3035,303510729
3036,396426421
3037,967397937
3038,53
3039,2235897
3040,5961708
3041,394761965
3042,4428194678
3043,4822956643
3044,1344941817
3045,5720239179
3046,7065180996
3047,202863608
3048,907573553
3049,1110437161
3050,92915692
3051,303510729
3052,396426421
3053,967397937
3054,53
3055,2235897
3056,5961708
3057,394761965
3058,4428194678
3059,4822956643
3060,1344941817
3061,5720239179
3062,7065180996
3063,202863608
3064,907573553
3065,1110437161
3066,92915692
3067,303510729
3068,396426421
3069,967397937
3070,53
3071,2235897
3072,5961708
3073,394761965
3074,4428194678
3075,4822956643
3076,1344941817
3077,5720239179
3078,7065180996
3079,202863608
3080,907573553
3081,1110437161
3082,92915692
3083,303510729
3084,396426421
3085,967397937
3086,53
3087,2235897
3088,5961708
3089,394761965
3090,4428194678
3091,4822956643
3092,1344941817
3093,5720239179
3094,7065180996
3095,202863608
3096,907573553
3097,1110437161
3098,92915692
3099,303510729
3100,396426421
3101,967397937
3102,53
3103,2235897
3104,5961708
3105,394761965
3106,4428194678
3107,4822956643
3108,1344941817
3109,5720239179
3110,7065180996
3111,202863608
3112,907573553
3113,1110437161
3114,92915692
3115,303510729
3116,396426421
3117,967397937
3118,53
3119,2235897
3120,5961708
3121,394761965
3122,4428194678
3123,4822956643
3124,1344941817
3125,5720239179
3126,7065180996
3127,202863608
3128,907573553
3129,1110437161
3130,92915692
3131,303510729
3132,396426421
3133,967397937
3134,53
3135,2235897
3136,5961708
3137,394761965
3138,4428194678
3139,4822956643
3140,1344941817
3141,5720239179
3142,7065180996
3143,202863608
3144,907573553
3145,1110437161
3146,92915692
3147,303510729
3148,396426421
3149,967397937
3150,53
3151,2235897
3152,5961708
3153,394761965
3154,4428194678
3155,4822956643
3156,1344941817
3157,5720239179
3158,7065180996
3159,202863608
3160,907573553
3161,1110437161
3162,92915692
3163,303510729
3164,396426421
3165,967397937
3166,53
3167,2235897
3168,5961708
3169,394761965
3170,4428194678
3171,4822956643
3172,1344941817
3173,5720239179
3174,7065180996
3175,202863608
3176,907573553
3177,1110437161
3178,92915692
3179,303510729
3180,396426421
3181,967397937
3182,53
3183,2235897
3184,5961708
3185,394761965
3186,4428194678
3187,4822956643
3188,1344941817
3189,5720239179
3190,7065180996
3191,202863608
3192,907573553
3193,1110437161
3194,92915692
3195,303510729
3196,396426421
3197,967397937
3198,53
3199,2235897
3200,5961708
3201,394761965
3202,4428194678
3203,4822956643
3204,1344941817
3205,5720239179
3206,7065180996
3207,202863608
3208,907573553
3209,1110437161
3210,92915692
3211,303510729
3212,396426421
3213,967397937
3214,53
3215,2235897
3216,5961708
3217,394761965
3218,4428194678
3219,4822956643
3220,1344941817
3221,5720239179
3222,7065180996
3223,202863608
3224,907573553
3225,1110437161
3226,92915692
3227,303510729
3228,396426421
3229,967397937
3230,53
3231,2235897
3232,5961708
3233,394761965
3234,4428194678
3235,4822956643
3236,1344941817
3237,5720239179
3238,7065180996
3239,202863608
3240,907573553
3241,1110437161
3242,92915692
3243,303510729
3244,396426421
3245,967397937
3246,53
3247,2235897
3248,5961708
3249,394761965
3250,4428194678
3251,4822956643
3252,1344941817
3253,5720239179
3254,7065180996
3255,202863608
3256,907573553
3257,1110437161
3258,92915692
3259,303510729
3260,396426421
3261,967397937
3262,53
3263,2235897
3264,5961708
3265,394761965
3266,4428194678
3267,4822956643
3268,1344941817
3269,5720239179
3270,7065180996
3271,202863608
3272,907573553
3273,1110437161
3274,92915692
3275,303510729
3276,396426421
3277,967397937
3278,53
3279,2235897
3280,5961708
3281,394761965
3282,4428194678
3283,4822956643
3284,1344941817
3285,5720239179
3286,7065180996
3287,202863608
3288,907573553
3289,1110437161
3290,92915692
3291,303510729
3292,396426421
3293,967397937
3294,53
3295,2235897
3296,5961708
3297,394761965
3298,4428194678
3299,4822956643
3300,1344941817
3301,5720239179
3302,7065180996
3303,202863608
3304,907573553
3305,1110437161
3306,92915692
3307,303510729
3308,396426421
3309,967397937
3310,53
3311,2235897
3312,5961708
3313,394761965
3314,4428194678
3315,4822956643
3316,1344941817
3317,5720239179
3318,7065180996
3319,202863608
3320,907573553
3321,1110437161
3322,92915692
3323,303510729
3324,396426421
3325,967397937
3326,53
3327,2235897
3328,5961708
3329,394761965
3330,4428194678
3331,4822956643
3332,1344941817
3333,5720239179
3334,7065180996
3335,202863608
3336,907573553
3337,1110437161
3338,92915692
3339,303510729
3340,396426421
3341,967397937
3342,53
3343,2235897
3344,5961708
3345,394761965
3346,4428194678
3347,4822956643
3348,1344941817
3349,5720239179
3350,7065180996
3351,202863608
3352,907573553
3353,1110437161
3354,92915692
3355,303510729
3356,396426421
3357,967397937
3358,53
3359,2235897
3360,5961708
3361,394761965
3362,4428194678
3363,4822956643
3364,1344941817
3365,5720239179
3366,7065180996
3367,202863608
3368,907573553
3369,1110437161
3370,92915692
3371,303510729
3372,396426421
3373,967397937
3374,53
3375,2235897
3376,5961708
3377,394761965
3378,4428194678
3379,4822956643
3380,1344941817
3381,5720239179
3382,7065180996
3383,202863608
3384,907573553
3385,1110437161
3386,92915692
3387,303510729
3388,396426421
3389,967397937
3390,53
3391,2235897
3392,5961708
3393,394761965
3394,4428194678
3395,4822956643
3396,1344941817
3397,5720239179
3398,7065180996
3399,202863608
3400,907573553
3401,1110437161
3402,92915692
3403,303510729
3404,396426421
3405,967397937
3406,53
3407,2235897
3408,5961708
3409,394761965
3410,4428194678
3411,4822956643
3412,1344941817
3413,5720239179
3414,7065180996
3415,202863608
3416,907573553
3417,1110437161
3418,92915692
3419,303510729
3420,396426421
3421,967397937
3422,53
3423,2235897
3424,5961708
3425,394761965
3426,4428194678
3427,4822956643
3428,1344941817
3429,5720239179
3430,7065180996
3431,202863608
3432,907573553
3433,1110437161
3434,92915692
3435,303510729
3436,396426421
3437,967397937
3438,53
3439,2235897
3440,5961708
3441,394761965
3442,4428194678
3443,4822956643
3444,1344941817
3445,5720239179
3446,7065180996
3447,202863608
3448,907573553
3449,1110437161
3450,92915692
3451,303510729
3452,396426421
3453,967397937
3454,53
3455,2235897
3456,5961708
3457,394761965
3458,4428194678
3459,4822956643
3460,1344941817
3461,5720239179
3462,7065180996
3463,202863608
3464,907573553
3465,1110437161
3466,92915692
3467,303510729
3468,396426421
3469,967397937
3470,53
3471,2235897
3472,5961708
3473,394761965
3474,4428194678
3475,4822956643
3476,1344941817
3477,5720239179
3478,7065180996
3479,202863608
3480,907573553
3481,1110437161
3482,92915692
3483,303510729
3484,396426421
3485,967397937
3486,53
3487,2235897
3488,5961708
3489,394761965
3490,4428194678
3491,4822956643
3492,1344941817
3493,5720239179
3494,7065180996
3495,202863608
3496,907573553
3497,1110437161
3498,92915692
3499,303510729
3500,396426421
3501,967397937
3502,53
3503,2235897
3504,5961708
3505,394761965
3506,4428194678
3507,4822956643
3508,1344941817
3509,5720239179
3510,7065180996
3511,202863608
3512,907573553
3513,1110437161
3514,92915692
3515,303510729
3516,396426421
3517,967397937
3518,53
3519,2235897
3520,5961708
3521,394761965
3522,4428194678
3523,4822956643
3524,1344941817
3525,5720239179
3526,7065180996
3527,202863608
3528,907573553
3529,1110437161
3530,92915692
3531,303510729
3532,396426421
3533,967397937
3534,53
3535,2235897
3536,5961708
3537,394761965
3538,4428194678
3539,4822956643
3540,1344941817
3541,5720239179
3542,7065180996
3543,202863608
3544,907573553
3545,1110437161
3546,92915692
3547,303510729
3548,396426421
3549,967397937
3550,53
3551,2235897
3552,5961708
3553,394761965
3554,4428194678
3555,4822956643
3556,1344941817
3557,5720239179
3558,7065180996
3559,202863608
3560,907573553
3561,1110437161
3562,92915692
3563,303510729
3564,396426421
3565,967397937
3566,53
3567,2235897
3568,5961708
3569,394761965
3570,4428194678
3571,4822956643
3572,1344941817
3573,5720239179
3574,7065180996
3575,202863608
3576,907573553
3577,1110437161
3578,92915692
3579,303510729
3580,396426421
3581,967397937
3582,53
3583,2235897
3584,5961708
3585,394761965
3586,4428194678
3587,4822956643
3588,1344941817
3589,5720239179
3590,7065180996
3591,202863608
3592,907573553
3593,1110437161
3594,92915692
3595,303510729
3596,396426421
3597,967397937
3598,53
3599,2235897
3600,5961708
3601,394761965
3602,4428194678
3603,4822956643
3604,1344941817
3605,5720239179
3606,7065180996
3607,202863608
3608,907573553
3609,1110437161
3610,92915692
3611,303510729
3612,396426421
3613,967397937
3614,53
3615,2235897
3616,5961708
3617,394761965
3618,4428194678
3619,4822956643
3620,1344941817
3621,5720239179
3622,7065180996
3623,202863608
3624,907573553
3625,1110437161
3626,92915692
3627,303510729
3628,396426421
3629,967397937
3630,53
3631,2235897
3632,5961708
3633,394761965
3634,4428194678
3635,4822956643
3636,1344941817
3637,5720239179
3638,7065180996
3639,202863608
3640,907573553
3641,1110437161
3642,92915692
3643,303510729
3644,396426421
3645,967397937
3646,53
3647,2235897
3648,5961708
3649,394761965
3650,4428194678
3651,4822956643
3652,1344941817
3653,5720239179
3654,7065180996
3655,202863608
3656,907573553
3657,1110437161
3658,92915692
3659,303510729
3660,396426421
3661,967397937
3662,53
3663,2235897
3664,5961708
3665,394761965
3666,4428194678
3667,4822956643
3668,1344941817
3669,5720239179
3670,7065180996
3671,202863608
3672,907573553
3673,1110437161
3674,92915692
3675,303510729
3676,396426421
3677,967397937
3678,53
3679,2235897
3680,5961708
3681,394761965
3682,4428194678
3683,4822956643
3684,1344941817
3685,5720239179
3686,7065180996
3687,202863608
3688,907573553
3689,1110437161
3690,92915692
3691,303510729
3692,396426421
3693,967397937
3694,53
3695,2235897
3696,5961708
3697,394761965
3698,4428194678
3699,4822956643
3700,1344941817
3701,5720239179
3702,7065180996
3703,202863608
3704,907573553
3705,1110437161
3706,92915692
3707,303510729
3708,396426421
3709,967397937
3710,53
3711,2235897
3712,5961708
3713,394761965
3714,4428194678
3715,4822956643
3716,1344941817
3717,5720239179
3718,7065180996
3719,202863608
3720,907573553
3721,1110437161
3722,92915692
3723,303510729
3724,396426421
3725,967397937
3726,53
3727,2235897
3728,5961708
3729,394761965
3730,4428194678
3731,4822956643
3732,1344941817
3733,5720239179
3734,7065180996
3735,202863608
3736,907573553
3737,1110437161
3738,92915692
3739,303510729
3740,396426421
3741,967397937
3742,53
3743,2235897
3744,5961708
3745,394761965
3746,4428194678
3747,4822956643
3748,1344941817
3749,5720239179
3750,7065180996
3751,202863608
3752,907573553
3753,1110437161
3754,92915692
3755,303510729
3756,396426421
3757,967397937
3758,53
3759,2235897
3760,5961708
3761,394761965
3762,4428194678
3763,4822956643
3764,1344941817
3765,5720239179
3766,7065180996
3767,202863608
3768,907573553
3769,1110437161
3770,92915692
3771,303510729
3772,396426421
3773,967397937
3774,53
3775,2235897
3776,5961708
3777,394761965
3778,4428194678
3779,4822956643
3780,1344941817
3781,5720239179
3782,7065180996
3783,202863608
3784,907573553
3785,1110437161
3786,92915692
3787,303510729
3788,396426421
3789,967397937
3790,53
3791,2235897
3792,5961708
3793,394761965
3794,4428194678
3795,4822956643
3796,1344941817
3797,5720239179
3798,7065180996
3799,202863608
3800,907573553
3801,1110437161
3802,92915692
3803,303510729
3804,396426421
3805,967397937
3806,53
3807,2235897
3808,5961708
3809,394761965
3810,4428194678
3811,4822956643
3812,1344941817
3813,5720239179
3814,7065180996
3815,202863608
3816,907573553
3817,1110437161
3818,92915692
3819,303510729
3820,396426421
3821,967397937
3822,53
3823,2235897
3824,5961708
3825,394761965
3826,4428194678
3827,4822956643
3828,1344941817
3829,5720239179
3830,7065180996
3831,202863608
3832,907573553
3833,1110437161
3834,92915692
3835,303510729
3836,396426421
3837,967397937
3838,53
3839,2235897
3840,5961708
3841,394761965
3842,4428194678
3843,4822956643
3844,1344941817
3845,5720239179
3846,7065180996
3847,202863608
3848,907573553
3849,1110437161
3850,92915692
3851,303510729
3852,396426421
3853,967397937
3854,53
3855,2235897
3856,5961708
3857,394761965
3858,4428194678
3859,4822956643
3860,1344941817
3861,5720239179
3862,7065180996
3863,202863608
3864,907573553
3865,1110437161
3866,92915692
3867,303510729
3868,396426421
3869,967397937
3870,53
3871,2235897
3872,5961708
3873,394761965
3874,4428194678
3875,4822956643
3876,1344941817
3877,5720239179
3878,7065180996
3879,202863608
3880,907573553
3881,1110437161
3882,92915692
3883,303510729
3884,396426421
3885,967397937
3886,53
3887,2235897
3888,5961708
3889,394761965
3890,4428194678
3891,4822956643
3892,1344941817
3893,5720239179
3894,7065180996
3895,202863608
3896,907573553
3897,1110437161
3898,92915692
3899,303510729
3900,396426421
3901,967397937
3902,53
3903,2235897
3904,5961708
3905,394761965
3906,4428194678
3907,4822956643
3908,1344941817
3909,5720239179
3910,7065180996
3911,202863608
3912,907573553
3913,1110437161
3914,92915692
3915,303510729
3916,396426421
3917,967397937
3918,53
3919,2235897
3920,5961708
3921,394761965
3922,4428194678
3923,4822956643
3924,1344941817
3925,5720239179
3926,7065180996
3927,202863608
3928,907573553
3929,1110437161
3930,92915692
3931,303510729
3932,396426421
3933,967397937
3934,53
3935,2235897
3936,5961708
3937,394761965
3938,4428194678
3939,4822956643
3940,1344941817
3941,5720239179
3942,7065180996
3943,202863608
3944,907573553
3945,1110437161
3946,92915692
3947,303510729
3948,396426421
3949,967397937
3950,53
3951,2235897
3952,5961708
3953,394761965
3954,4428194678
3955,4822956643
3956,1344941817
3957,5720239179
3958,7065180996
3959,202863608
3960,907573553
3961,1110437161
3962,92915692
3963,303510729
3964,396426421
3965,967397937
3966,53
3967,2235897
3968,5961708
3969,394761965
3970,4428194678
3971,4822956643
3972,1344941817
3973,5720239179
3974,7065180996
3975,202863608
3976,907573553
3977,1110437161
3978,92915692
3979,303510729
3980,396426421
3981,967397937
3982,53
3983,2235897
3984,5961708
3985,394761965
3986,4428194678
3987,4822956643
3988,1344941817
3989,5720239179
3990,7065180996
3991,202863608
3992,907573553
3993,1110437161
3994,92915692
3995,303510729
3996,396426421
3997,967397937
3998,53
3999,2235897
4000,5961708
4001,394761965
4002,4428194678
4003,4822956643
4004,1344941817
4005,5720239179
4006,7065180996
4007,202863608
4008,907573553
4009,1110437161
4010,92915692
4011,303510729
4012,396426421
4013,967397937
4014,53
4015,2235897
4016,5961708
4017,394761965
4018,4428194678
4019,4822956643
4020,1344941817
4021,5720239179
4022,7065180996
4023,202863608
4024,907573553
4025,1110437161
4026,92915692
4027,303510729
4028,396426421
4029,967397937
4030,53
4031,2235897
4032,5961708
4033,394761965
4034,4428194678
4035,4822956643
4036,1344941817
4037,5720239179
4038,7065180996
4039,202863608
4040,907573553
4041,1110437161
4042,92915692
4043,303510729
4044,396426421
4045,967397937
4046,53
4047,2235897
4048,5961708
4049,394761965
4050,4428194678
4051,4822956643
4052,1344941817
4053,5720239179
4054,7065180996
4055,202863608
4056,907573553
4057,1110437161
4058,92915692
4059,303510729
4060,396426421
4061,967397937
4062,53
4063,2235897
4064,5961708
4065,394761965
4066,4428194678
4067,4822956643
4068,1344941817
4069,5720239179
4070,7065180996
4071,202863608
4072,907573553
4073,1110437161
4074,92915692
4075,303510729
4076,396426421
4077,967397937
4078,53
4079,2235897
4080,5961708
4081,394761965
4082,4428194678
4083,4822956643
4084,1344941817
4085,5720239179
4086,7065180996
4087,202863608
4088,907573553
4089,1110437161
4090,92915692
4091,303510729
4092,396426421
4093,967397937
4094,53
4095,2235897
4096,5961708
4097,394761965
4098,4428194678
4099,4822956643
4100,1344941817
4101,5720239179
4102,7065180996
4103,202863608
4104,907573553
4105,1110437161
4106,92915692
4107,303510729
4108,396426421
4109,967397937
4110,53
4111,2235897
4112,5961708
4113,394761965
4114,4428194678
4115,4822956643
4116,1344941817
4117,5720239179
4118,7065180996
4119,202863608
4120,907573553
4121,1110437161
4122,92915692
4123,303510729
4124,396426421
4125,967397937
4126,53
4127,2235897
4128,5961708
4129,394761965
4130,4428194678
4131,4822956643
4132,1344941817
4133,5720239179
4134,7065180996
4135,202863608
4136,907573553
4137,1110437161
4138,92915692
4139,303510729
4140,396426421
4141,967397937
4142,53
4143,2235897
4144,5961708
4145,394761965
4146,4428194678
4147,4822956643
4148,1344941817
4149,5720239179
4150,7065180996
4151,202863608
4152,907573553
4153,1110437161
4154,92915692
4155,303510729
4156,396426421
4157,967397937
4158,53
4159,2235897
4160,5961708
4161,394761965
4162,4428194678
4163,4822956643
4164,1344941817
4165,5720239179
4166,7065180996
4167,202863608
4168,907573553
4169,1110437161
4170,92915692
4171,303510729
4172,396426421
4173,967397937
4174,53
4175,2235897
4176,5961708
4177,394761965
4178,4428194678
4179,4822956643
4180,1344941817
4181,5720239179
4182,7065180996
4183,202863608
4184,907573553
4185,1110437161
4186,92915692
4187,303510729
4188,396426421
4189,967397937
4190,53
4191,2235897
4192,5961708
4193,394761965
4194,4428194678
4195,4822956643
4196,1344941817
4197,5720239179
4198,7065180996
4199,202863608
4200,907573553
4201,1110437161
4202,92915692
4203,303510729
4204,396426421
4205,967397937
4206,53
4207,2235897
4208,5961708
4209,394761965
4210,4428194678
4211,4822956643
4212,1344941817
4213,5720239179
4214,7065180996
4215,202863608
4216,907573553
4217,1110437161
4218,92915692
4219,303510729
4220,396426421
4221,967397937
4222,53
4223,2235897
4224,5961708
4225,394761965
4226,4428194678
4227,4822956643
4228,1344941817
4229,5720239179
4230,7065180996
4231,202863608
4232,907573553
4233,1110437161
4234,92915692
4235,303510729
4236,396426421
4237,967397937
4238,53
4239,2235897
4240,5961708
4241,394761965
4242,4428194678
4243,4822956643
4244,1344941817
4245,5720239179
4246,7065180996
4247,202863608
4248,907573553
4249,1110437161
4250,92915692
4251,303510729
4252,396426421
4253,967397937
4254,53
4255,2235897
4256,5961708
4257,394761965
4258,4428194678
4259,4822956643
4260,1344941817
4261,5720239179
4262,7065180996
4263,202863608
4264,907573553
4265,1110437161
4266,92915692
4267,303510729
4268,396426421
4269,967397937
4270,53
4271,2235897
4272,5961708
4273,394761965
4274,4428194678
4275,4822956643
4276,1344941817
4277,5720239179
4278,7065180996
4279,202863608
4280,907573553
4281,1110437161
4282,92915692
4283,303510729
4284,396426421
4285,967397937
4286,53
4287,2235897
4288,5961708
4289,394761965
4290,4428194678
4291,4822956643
4292,1344941817
4293,5720239179
4294,7065180996
4295,202863608
4296,907573553
4297,1110437161
4298,92915692
4299,303510729
4300,396426421
4301,967397937
4302,53
4303,2235897
4304,5961708
4305,394761965
4306,4428194678
4307,4822956643
4308,1344941817
4309,5720239179
4310,7065180996
4311,202863608
4312,907573553
4313,1110437161
4314,92915692
4315,303510729
4316,396426421
4317,967397937
4318,53
4319,2235897
4320,5961708
4321,394761965
4322,4428194678
4323,4822956643
4324,1344941817
4325,5720239179
4326,7065180996
4327,202863608
4328,907573553
4329,1110437161
4330,92915692
4331,303510729
4332,396426421
4333,967397937
4334,53
4335,2235897
4336,5961708
4337,394761965
4338,4428194678
4339,4822956643
4340,1344941817
4341,5720239179
4342,7065180996
4343,202863608
4344,907573553
4345,1110437161
4346,92915692
4347,303510729
4348,396426421
4349,967397937
4350,53
4351,2235897
4352,5961708
4353,394761965
4354,4428194678
4355,4822956643
4356,1344941817
4357,5720239179
4358,7065180996
4359,202863608
4360,907573553
4361,1110437161
4362,92915692
4363,303510729
4364,396426421
4365,967397937
4366,53
4367,2235897
4368,5961708
4369,394761965
4370,4428194678
4371,4822956643
4372,1344941817
4373,5720239179
4374,7065180996
4375,202863608
4376,907573553
4377,1110437161
4378,92915692
4379,303510729
4380,396426421
4381,967397937
4382,53
4383,2235897
4384,5961708
4385,394761965
4386,4428194678
4387,4822956643
4388,1344941817
4389,5720239179
4390,7065180996
4391,202863608
4392,907573553
4393,1110437161
4394,92915692
4395,303510729
4396,396426421
4397,967397937
4398,53
4399,2235897
4400,5961708
4401,394761965
4402,4428194678
4403,4822956643
4404,1344941817
4405,5720239179
4406,7065180996
4407,202863608
4408,907573553
4409,1110437161
4410,92915692
4411,303510729
4412,396426421
4413,967397937
4414,53
4415,2235897
4416,5961708
4417,394761965
4418,4428194678
4419,4822956643
4420,1344941817
4421,5720239179
4422,7065180996
4423,202863608
4424,907573553
4425,1110437161
4426,92915692
4427,303510729
4428,396426421
4429,967397937
4430,53
4431,2235897
4432,5961708
4433,394761965
4434,4428194678
4435,4822956643
4436,1344941817
4437,5720239179
4438,7065180996
4439,202863608
4440,907573553
4441,1110437161
4442,92915692
4443,303510729
4444,396426421
4445,967397937
4446,53
4447,2235897
4448,5961708
4449,394761965
4450,4428194678
4451,4822956643
4452,1344941817
4453,5720239179
4454,7065180996
4455,202863608
4456,907573553
4457,1110437161
4458,92915692
4459,303510729
4460,396426421
4461,967397937
4462,53
4463,2235897
4464,5961708
4465,394761965
4466,4428194678
4467,4822956643
4468,1344941817
4469,5720239179
4470,7065180996
4471,202863608
4472,907573553
4473,1110437161
4474,92915692
4475,303510729
4476,396426421
4477,967397937
4478,53
4479,2235897
4480,5961708
4481,394761965
4482,4428194678
4483,4822956643
4484,1344941817
4485,5720239179
4486,7065180996
4487,202863608
4488,907573553
4489,1110437161
4490,92915692
4491,303510729
4492,396426421
4493,967397937
4494,53
4495,2235897
4496,5961708
4497,394761965
4498,4428194678
4499,4822956643
4500,1344941817
4501,5720239179
4502,7065180996
4503,202863608
4504,907573553
4505,1110437161
4506,92915692
4507,303510729
4508,396426421
4509,967397937
4510,53
4511,2235897
4512,5961708
4513,394761965
4514,4428194678
4515,4822956643
4516,1344941817
4517,5720239179
4518,7065180996
4519,202863608
4520,907573553
4521,1110437161
4522,92915692
4523,303510729
4524,396426421
4525,967397937
4526,53
4527,2235897
4528,5961708
4529,394761965
4530,4428194678
4531,4822956643
4532,1344941817
4533,5720239179
4534,7065180996
4535,202863608
4536,907573553
4537,1110437161
4538,92915692
4539,303510729
4540,396426421
4541,967397937
4542,53
4543,2235897
4544,5961708
4545,394761965
4546,4428194678
4547,4822956643
4548,1344941817
4549,5720239179
4550,7065180996
4551,202863608
4552,907573553
4553,1110437161
4554,92915692
4555,303510729
4556,396426421
4557,967397937
4558,53
4559,2235897
4560,5961708
4561,394761965
4562,4428194678
4563,4822956643
4564,1344941817
4565,5720239179
4566,7065180996
4567,202863608
4568,907573553
4569,1110437161
4570,92915692
4571,303510729
4572,396426421
4573,967397937
4574,53
4575,2235897
4576,5961708
4577,394761965
4578,4428194678
4579,4822956643
4580,1344941817
4581,5720239179
4582,7065180996
4583,202863608
4584,907573553
4585,1110437161
4586,92915692
4587,303510729
4588,396426421
4589,967397937
4590,53
4591,2235897
4592,5961708
4593,394761965
4594,4428194678
4595,4822956643
4596,1344941817
4597,5720239179
4598,7065180996
4599,202863608
4600,907573553
4601,1110437161
4602,92915692
4603,303510729
4604,396426421
4605,967397937
4606,53
4607,2235897
4608,5961708
4609,394761965
4610,4428194678
4611,4822956643
4612,1344941817
4613,5720239179
4614,7065180996
4615,202863608
4616,907573553
4617,1110437161
4618,92915692
4619,303510729
4620,396426421
4621,967397937
4622,53
4623,2235897
4624,5961708
4625,394761965
4626,4428194678
4627,4822956643
4628,1344941817
4629,5720239179
4630,7065180996
4631,202863608
4632,907573553
4633,1110437161
4634,92915692
4635,303510729
4636,396426421
4637,967397937
4638,53
4639,2235897
4640,5961708
4641,394761965
4642,4428194678
4643,4822956643
4644,1344941817
4645,5720239179
4646,7065180996
4647,202863608
4648,907573553
4649,1110437161
4650,92915692
4651,303510729
4652,396426421
4653,967397937
4654,53
4655,2235897
4656,5961708
4657,394761965
4658,4428194678
4659,4822956643
4660,1344941817
4661,5720239179
4662,7065180996
4663,202863608
4664,907573553
4665,1110437161
4666,92915692
4667,303510729
4668,396426421
4669,967397937
4670,53
4671,2235897
4672,5961708
4673,394761965
4674,4428194678
4675,4822956643
4676,1344941817
4677,5720239179
4678,7065180996
4679,202863608
4680,907573553
4681,1110437161
4682,92915692
4683,303510729
4684,396426421
4685,967397937
4686,53
4687,2235897
4688,5961708
4689,394761965
4690,4428194678
4691,4822956643
4692,1344941817
4693,5720239179
4694,7065180996
4695,202863608
4696,907573553
4697,1110437161
4698,92915692
4699,303510729
4700,396426421
4701,967397937
4702,53
4703,2235897
4704,5961708
4705,394761965
4706,4428194678
4707,4822956643
4708,1344941817
4709,5720239179
4710,7065180996
4711,202863608
4712,907573553
4713,1110437161
4714,92915692
4715,303510729
4716,396426421
4717,967397937
4718,53
4719,2235897
4720,5961708
4721,394761965
4722,4428194678
4723,4822956643
4724,1344941817
4725,5720239179
4726,7065180996
4727,202863608
4728,907573553
4729,1110437161
4730,92915692
4731,303510729
4732,396426421
4733,967397937
4734,53
4735,2235897
4736,5961708
4737,394761965
4738,4428194678
4739,4822956643
4740,1344941817
4741,5720239179
4742,7065180996
4743,202863608
4744,907573553
4745,1110437161
4746,92915692
4747,303510729
4748,396426421
4749,967397937
4750,53
4751,2235897
4752,5961708
4753,394761965
4754,4428194678
4755,4822956643
4756,1344941817
4757,5720239179
4758,7065180996
4759,202863608
4760,907573553
4761,1110437161
4762,92915692
4763,303510729
4764,396426421
4765,967397937
4766,53
4767,2235897
4768,5961708
4769,394761965
4770,4428194678
4771,4822956643
4772,1344941817
4773,5720239179
4774,7065180996
4775,202863608
4776,907573553
4777,1110437161
4778,92915692
4779,303510729
4780,396426421
4781,967397937
4782,53
4783,2235897
4784,5961708
4785,394761965
4786,4428194678
4787,4822956643
4788,1344941817
4789,5720239179
4790,7065180996
4791,202863608
4792,907573553
4793,1110437161
4794,92915692
4795,303510729
4796,396426421
4797,967397937
4798,53
4799,2235897
4800,5961708
4801,394761965
4802,4428194678
4803,4822956643
4804,1344941817
4805,5720239179
4806,7065180996
4807,202863608
4808,907573553
4809,1110437161
4810,92915692
4811,303510729
4812,396426421
4813,967397937
4814,53
4815,2235897
4816,5961708
4817,394761965
4818,4428194678
4819,4822956643
4820,1344941817
4821,5720239179
4822,7065180996
4823,202863608
4824,907573553
4825,1110437161
4826,92915692
4827,303510729
4828,396426421
4829,967397937
4830,53
4831,2235897
4832,5961708
4833,394761965
4834,4428194678
4835,4822956643
4836,1344941817
4837,5720239179
4838,7065180996
4839,202863608
4840,907573553
4841,1110437161
4842,92915692
4843,303510729
4844,396426421
4845,967397937
4846,53
4847,2235897
4848,5961708
4849,394761965
4850,4428194678
4851,4822956643
4852,1344941817
4853,5720239179
4854,7065180996
4855,202863608
4856,907573553
4857,1110437161
4858,92915692
4859,303510729
4860,396426421
4861,967397937
4862,53
4863,2235897
4864,5961708
4865,394761965
4866,4428194678
4867,4822956643
4868,1344941817
4869,5720239179
4870,7065180996
4871,202863608
4872,907573553
4873,1110437161
4874,92915692
4875,303510729
4876,396426421
4877,967397937
4878,53
4879,2235897
4880,5961708
4881,394761965
4882,4428194678
4883,4822956643
4884,1344941817
4885,5720239179
4886,7065180996
4887,202863608
4888,907573553
4889,1110437161
4890,92915692
4891,303510729
4892,396426421
4893,967397937
4894,53
4895,2235897
4896,5961708
4897,394761965
4898,4428194678
4899,4822956643
4900,1344941817
4901,5720239179
4902,7065180996
4903,202863608
4904,907573553
4905,1110437161
4906,92915692
4907,303510729
4908,396426421
4909,967397937
4910,53
4911,2235897
4912,5961708
4913,394761965
4914,4428194678
4915,4822956643
4916,1344941817
4917,5720239179
4918,7065180996
4919,202863608
4920,907573553
4921,1110437161
4922,92915692
4923,303510729
4924,396426421
4925,967397937
4926,53
4927,2235897
4928,5961708
4929,394761965
4930,4428194678
4931,4822956643
4932,1344941817
4933,5720239179
4934,7065180996
4935,202863608
4936,907573553
4937,1110437161
4938,92915692
4939,303510729
4940,396426421
4941,967397937
4942,53
4943,2235897
4944,5961708
4945,394761965
4946,4428194678
4947,4822956643
4948,1344941817
4949,5720239179
4950,7065180996
4951,202863608
4952,907573553
4953,1110437161
4954,92915692
4955,303510729
4956,396426421
4957,967397937
4958,53
4959,2235897
4960,5961708
4961,394761965
4962,4428194678
4963,4822956643
4964,1344941817
4965,5720239179
4966,7065180996
4967,202863608
4968,907573553
4969,1110437161
4970,92915692
4971,303510729
4972,396426421
4973,967397937
4974,53
4975,2235897
4976,5961708
4977,394761965
4978,4428194678
4979,4822956643
4980,1344941817
4981,5720239179
4982,7065180996
4983,202863608
4984,907573553
4985,1110437161
4986,92915692
4987,303510729
4988,396426421
4989,967397937
4990,53
4991,2235897
4992,5961708
4993,394761965
4994,4428194678
4995,4822956643
4996,1344941817
4997,5720239179
4998,7065180996
4999,202863608
5000,907573553
5001,1110437161
5002,92915692
5003,303510729
5004,396426421
5005,967397937
5006,53
5007,2235897
5008,5961708
5009,394761965
5010,4428194678
5011,4822956643
5012,1344941817
5013,5720239179
5014,7065180996
5015,202863608
5016,907573553
5017,1110437161
5018,92915692
5019,303510729
5020,396426421
5021,967397937
5022,53
5023,2235897
5024,5961708
5025,394761965
5026,4428194678
5027,4822956643
5028,1344941817
5029,5720239179
5030,7065180996
5031,202863608
5032,907573553
5033,1110437161
5034,92915692
5035,303510729
5036,396426421
5037,967397937
5038,53
5039,2235897
5040,5961708
5041,394761965
5042,4428194678
5043,4822956643
5044,1344941817
5045,5720239179
5046,7065180996
5047,202863608
5048,907573553
5049,1110437161
5050,92915692
5051,303510729
5052,396426421
5053,967397937
5054,53
5055,2235897
5056,5961708
5057,394761965
5058,4428194678
5059,4822956643
5060,1344941817
5061,5720239179
5062,7065180996
5063,202863608
5064,907573553
5065,1110437161
5066,92915692
5067,303510729
5068,396426421
5069,967397937
5070,53
5071,2235897
5072,5961708
5073,394761965
5074,4428194678
5075,4822956643
5076,1344941817
5077,5720239179
5078,7065180996
5079,202863608
5080,907573553
5081,1110437161
5082,92915692
5083,303510729
5084,396426421
5085,967397937
5086,53
5087,2235897
5088,5961708
5089,394761965
5090,4428194678
5091,4822956643
5092,1344941817
5093,5720239179
5094,7065180996
5095,202863608
5096,907573553
5097,1110437161
5098,92915692
5099,303510729
5100,396426421
5101,967397937
5102,53
5103,2235897
5104,5961708
5105,394761965
5106,4428194678
5107,4822956643
5108,1344941817
5109,5720239179
5110,7065180996
5111,202863608
5112,907573553
5113,1110437161
5114,92915692
5115,303510729
5116,396426421
5117,967397937
5118,53
5119,2235897
5120,5961708
5121,394761965
5122,4428194678
5123,4822956643
5124,1344941817
5125,5720239179
5126,7065180996
5127,202863608
5128,907573553
5129,1110437161
5130,92915692
5131,303510729
5132,396426421
5133,967397937
5134,53
5135,2235897
5136,5961708
5137,394761965
5138,4428194678
5139,4822956643
5140,1344941817
5141,5720239179
5142,7065180996
5143,202863608
5144,907573553
5145,1110437161
5146,92915692
5147,303510729
5148,396426421
5149,967397937
5150,53
5151,2235897
5152,5961708
5153,394761965
5154,4428194678
5155,4822956643
5156,1344941817
5157,5720239179
5158,7065180996
5159,202863608
5160,907573553
5161,1110437161
5162,92915692
5163,303510729
5164,396426421
5165,967397937
5166,53
5167,2235897
5168,5961708
5169,394761965
5170,4428194678
5171,4822956643
5172,1344941817
5173,5720239179
5174,7065180996
5175,202863608
5176,907573553
5177,1110437161
5178,92915692
5179,303510729
5180,396426421
5181,967397937
5182,53
5183,2235897
5184,5961708
5185,394761965
5186,4428194678
5187,4822956643
5188,1344941817
5189,5720239179
5190,7065180996
5191,202863608
5192,907573553
5193,1110437161
5194,92915692
5195,303510729
5196,396426421
5197,967397937
5198,53
5199,2235897
5200,5961708
5201,394761965
5202,4428194678
5203,4822956643
5204,1344941817
5205,5720239179
5206,7065180996
5207,202863608
5208,907573553
5209,1110437161
5210,92915692
5211,303510729
5212,396426421
5213,967397937
5214,53
5215,2235897
5216,5961708
5217,394761965
5218,4428194678
5219,4822956643
5220,1344941817
5221,5720239179
5222,7065180996
5223,202863608
5224,907573553
5225,1110437161
5226,92915692
5227,303510729
5228,396426421
5229,967397937
5230,53
5231,2235897
5232,5961708
5233,394761965
5234,4428194678
5235,4822956643
5236,1344941817
5237,5720239179
5238,7065180996
5239,202863608
5240,907573553
5241,1110437161
5242,92915692
5243,303510729
5244,396426421
5245,967397937
5246,53
5247,2235897
5248,5961708
5249,394761965
5250,4428194678
5251,4822956643
5252,1344941817
5253,5720239179
5254,7065180996
5255,202863608
5256,907573553
5257,1110437161
5258,92915692
5259,303510729
5260,396426421
5261,967397937
5262,53
5263,2235897
5264,5961708
5265,394761965
5266,4428194678
5267,4822956643
5268,1344941817
5269,5720239179
5270,7065180996
5271,202863608
5272,907573553
5273,1110437161
5274,92915692
5275,303510729
5276,396426421
5277,967397937
5278,53
5279,2235897
5280,5961708
5281,394761965
5282,4428194678
5283,4822956643
5284,1344941817
5285,5720239179
5286,7065180996
5287,202863608
5288,907573553
5289,1110437161
5290,92915692
5291,303510729
5292,396426421
5293,967397937
5294,53
5295,2235897
5296,5961708
5297,394761965
5298,4428194678
5299,4822956643
5300,1344941817
5301,5720239179
5302,7065180996
5303,202863608
5304,907573553
5305,1110437161
5306,92915692
5307,303510729
5308,396426421
5309,967397937
5310,53
5311,2235897
5312,5961708
5313,394761965
5314,4428194678
5315,4822956643
5316,1344941817
5317,5720239179
5318,7065180996
5319,202863608
5320,907573553
5321,1110437161
5322,92915692
5323,303510729
5324,396426421
5325,967397937
5326,53
5327,2235897
5328,5961708
5329,394761965
5330,4428194678
5331,4822956643
5332,1344941817
5333,5720239179
5334,7065180996
5335,202863608
5336,907573553
5337,1110437161
5338,92915692
5339,303510729
5340,396426421
5341,967397937
5342,53
5343,2235897
5344,5961708
5345,394761965
5346,4428194678
5347,4822956643
5348,1344941817
5349,5720239179
5350,7065180996
5351,202863608
5352,907573553
5353,1110437161
5354,92915692
5355,303510729
5356,396426421
5357,967397937
5358,53
5359,2235897
5360,5961708
5361,394761965
5362,4428194678
5363,4822956643
5364,1344941817
5365,5720239179
5366,7065180996
5367,202863608
5368,907573553
5369,1110437161
5370,92915692
5371,303510729
5372,396426421
5373,967397937
5374,53
5375,2235897
5376,5961708
5377,394761965
5378,4428194678
5379,4822956643
5380,1344941817
5381,5720239179
5382,7065180996
5383,202863608
5384,907573553
5385,1110437161
5386,92915692
5387,303510729
5388,396426421
5389,967397937
5390,53
5391,2235897
5392,5961708
5393,394761965
5394,4428194678
5395,4822956643
5396,1344941817
5397,5720239179
5398,7065180996
5399,202863608
5400,907573553
5401,1110437161
5402,92915692
5403,303510729
5404,396426421
5405,967397937
5406,53
5407,2235897
5408,5961708
5409,394761965
5410,4428194678
5411,4822956643
5412,1344941817
5413,5720239179
5414,7065180996
5415,202863608
5416,907573553
5417,1110437161
5418,92915692
5419,303510729
5420,396426421
5421,967397937
5422,53
5423,2235897
5424,5961708
5425,394761965
5426,4428194678
5427,4822956643
5428,1344941817
5429,5720239179
5430,7065180996
5431,202863608
5432,907573553
5433,1110437161
5434,92915692
5435,303510729
5436,396426421
5437,967397937
5438,53
5439,2235897
5440,5961708
5441,394761965
5442,4428194678
5443,4822956643
5444,1344941817
5445,5720239179
5446,7065180996
5447,202863608
5448,907573553
5449,1110437161
5450,92915692
5451,303510729
5452,396426421
5453,967397937
5454,53
5455,2235897
5456,5961708
5457,394761965
5458,4428194678
5459,4822956643
5460,1344941817
5461,5720239179
5462,7065180996
5463,202863608
5464,907573553
5465,1110437161
5466,92915692
5467,303510729
5468,396426421
5469,967397937
5470,53
5471,2235897
5472,5961708
5473,394761965
5474,4428194678
5475,4822956643
5476,1344941817
5477,5720239179
5478,7065180996
5479,202863608
5480,907573553
5481,1110437161
5482,92915692
5483,303510729
5484,396426421
5485,967397937
5486,53
5487,2235897
5488,5961708
5489,394761965
5490,4428194678
5491,4822956643
5492,1344941817
5493,5720239179
5494,7065180996
5495,202863608
5496,907573553
5497,1110437161
5498,92915692
5499,303510729
5500,396426421
5501,967397937
5502,53
5503,2235897
5504,5961708
5505,394761965
5506,4428194678
5507,4822956643
5508,1344941817
5509,5720239179
5510,7065180996
5511,202863608
5512,907573553
5513,1110437161
5514,92915692
5515,303510729
5516,396426421
5517,967397937
5518,53
5519,2235897
5520,5961708
5521,394761965
5522,4428194678
5523,4822956643
5524,1344941817
5525,5720239179
5526,7065180996
5527,202863608
5528,907573553
5529,1110437161
5530,92915692
5531,303510729
5532,396426421
5533,967397937
5534,53
5535,2235897
5536,5961708
5537,394761965
5538,4428194678
5539,4822956643
5540,1344941817
5541,5720239179
5542,7065180996
5543,202863608
5544,907573553
5545,1110437161
5546,92915692
5547,303510729
5548,396426421
5549,967397937
5550,53
5551,2235897
5552,5961708
5553,394761965
5554,4428194678
5555,4822956643
5556,1344941817
5557,5720239179
5558,7065180996
5559,202863608
5560,907573553
5561,1110437161
5562,92915692
5563,303510729
5564,396426421
5565,967397937
5566,53
5567,2235897
5568,5961708
5569,394761965
5570,4428194678
5571,4822956643
5572,1344941817
5573,5720239179
5574,7065180996
5575,202863608
5576,907573553
5577,1110437161
5578,92915692
5579,303510729
5580,396426421
5581,967397937
5582,53
5583,2235897
5584,5961708
5585,394761965
5586,4428194678
5587,4822956643
5588,1344941817
5589,5720239179
5590,7065180996
5591,202863608
5592,907573553
5593,1110437161
5594,92915692
5595,303510729
5596,396426421
5597,967397937
5598,53
5599,2235897
5600,5961708
5601,394761965
5602,4428194678
5603,4822956643
5604,1344941817
5605,5720239179
5606,7065180996
5607,202863608
5608,907573553
5609,1110437161
5610,92915692
5611,303510729
5612,396426421
5613,967397937
5614,53
5615,2235897
5616,5961708
5617,394761965
5618,4428194678
5619,4822956643
5620,1344941817
5621,5720239179
5622,7065180996
5623,202863608
5624,907573553
5625,1110437161
5626,92915692
5627,303510729
5628,396426421
5629,967397937
5630,53
5631,2235897
5632,5961708
5633,394761965
5634,4428194678
5635,4822956643
5636,1344941817
5637,5720239179
5638,7065180996
5639,202863608
5640,907573553
5641,1110437161
5642,92915692
5643,303510729
5644,396426421
5645,967397937
5646,53
5647,2235897
5648,5961708
5649,394761965
5650,4428194678
5651,4822956643
5652,1344941817
5653,5720239179
5654,7065180996
5655,202863608
5656,907573553
5657,1110437161
5658,92915692
5659,303510729
5660,396426421
5661,967397937
5662,53
5663,2235897
5664,5961708
5665,394761965
5666,4428194678
5667,4822956643
5668,1344941817
5669,5720239179
5670,7065180996
5671,202863608
5672,907573553
5673,1110437161
5674,92915692
5675,303510729
5676,396426421
5677,967397937
5678,53
5679,2235897
5680,5961708
5681,394761965
5682,4428194678
5683,4822956643
5684,1344941817
5685,5720239179
5686,7065180996
5687,202863608
5688,907573553
5689,1110437161
5690,92915692
5691,303510729
5692,396426421
5693,967397937
5694,53
5695,2235897
5696,5961708
5697,394761965
5698,4428194678
5699,4822956643
5700,1344941817
5701,5720239179
5702,7065180996
5703,202863608
5704,907573553
5705,1110437161
5706,92915692
5707,303510729
5708,396426421
5709,967397937
5710,53
5711,2235897
5712,5961708
5713,394761965
5714,4428194678
5715,4822956643
5716,1344941817
5717,5720239179
5718,7065180996
5719,202863608
5720,907573553
5721,1110437161
5722,92915692
5723,303510729
5724,396426421
5725,967397937
5726,53
5727,2235897
5728,5961708
5729,394761965
5730,4428194678
5731,4822956643
5732,1344941817
5733,5720239179
5734,7065180996
5735,202863608
5736,907573553
5737,1110437161
5738,92915692
5739,303510729
5740,396426421
5741,967397937
5742,53
5743,2235897
5744,5961708
5745,394761965
5746,4428194678
5747,4822956643
5748,1344941817
5749,5720239179
5750,7065180996
5751,202863608
5752,907573553
5753,1110437161
5754,92915692
5755,303510729
5756,396426421
5757,967397937
5758,53
5759,2235897
5760,5961708
5761,394761965
5762,4428194678
5763,4822956643
5764,1344941817
5765,5720239179
5766,7065180996
5767,202863608
5768,907573553
5769,1110437161
5770,92915692
5771,303510729
5772,396426421
5773,967397937
5774,53
5775,2235897
5776,5961708
5777,394761965
5778,4428194678
5779,4822956643
5780,1344941817
5781,5720239179
5782,7065180996
5783,202863608
5784,907573553
5785,1110437161
5786,92915692
5787,303510729
5788,396426421
5789,967397937
5790,53
5791,2235897
5792,5961708
5793,394761965
5794,4428194678
5795,4822956643
5796,1344941817
5797,5720239179
5798,7065180996
5799,202863608
5800,907573553
5801,1110437161
5802,92915692
5803,303510729
5804,396426421
5805,967397937
5806,53
5807,2235897
5808,5961708
5809,394761965
5810,4428194678
5811,4822956643
5812,1344941817
5813,5720239179
5814,7065180996
5815,202863608
5816,907573553
5817,1110437161
5818,92915692
5819,303510729
5820,396426421
5821,967397937
5822,53
5823,2235897
5824,5961708
5825,394761965
5826,4428194678
5827,4822956643
5828,1344941817
5829,5720239179
5830,7065180996
5831,202863608
5832,907573553
5833,1110437161
5834,92915692
5835,303510729
5836,396426421
5837,967397937
5838,53
5839,2235897